{
  "schema_version": "2.0.0",
  "last_updated": "2025-11-25T00:00:00Z",
  "defi_bots": [
    {
      "id": "BOT_UNIV3_ARB_WETH_USDC_V1",
      "version": 1,
      "parent_bot_id": null,
      "lineage_label": "UNIV3_ARB_CORE",
      "strategy_family": "dex_arbitrage",
      "status": "ON",
      "mode": "CORE_PRODUCTION",
      "execution_mode": "LIVE",
      "account_group": "DEFI_MAIN",
      "base_asset": "WETH",
      "quote_asset": "USDC",
      "venue": "UNISWAP_V3",
      "chains": ["ETHEREUM", "ARBITRUM", "POLYGON"],
      "timeframe": "tick",
      "max_notional": 25000,
      "max_leverage": 1.0,
      "target_capital_fraction": 0.20,
      "risk": {
        "max_drawdown": 0.05,
        "intraday_dd_limit": 0.02,
        "daily_dd_limit": 0.03,
        "kill_switch_enabled": true,
        "max_gas_cost_bps": 20,
        "min_profit_after_gas_bps": 15
      },
      "params": {
        "pool_pairs": [
          "WETH/USDC-0.05",
          "WETH/USDC-0.3",
          "WETH/USDC-1.0"
        ],
        "min_profit_bps": 25,
        "max_slippage_bps": 15,
        "gas_price_ceiling_gwei": 50,
        "flashbots_enabled": true,
        "mev_protection": true,
        "route_optimization": "bellman_ford",
        "max_hops": 3,
        "execution_deadline_seconds": 30,
        "sandwich_detection": true,
        "frontrun_protection": true
      },
      "designed_for_regimes": ["any"],
      "forbidden_regimes": ["network_congestion", "exchange_outage"],
      "regime_profile": {
        "volatility_bucket": "LOW_MEDIUM",
        "event_sensitivity": "MEDIUM",
        "time_windows_utc": [
          { "start": "00:00", "end": "23:59" }
        ],
        "gas_sensitivity": "HIGH"
      },
      "experiment": {
        "cohort": "UNIV3_ARB_CORE",
        "parent_bot_id": null,
        "hypothesis": "Multi-pool Uniswap V3 arbitrage with flashbots maintains edge despite MEV competition.",
        "start_ts": null,
        "end_ts": null
      },
      "telemetry": {
        "label": "Uniswap V3 Multi-Pool Arbitrage",
        "tags": ["arbitrage", "uniswap", "defi", "mev", "core"],
        "alert_channel": "telegram:@unykorn_ops"
      }
    },
    {
      "id": "BOT_CROSS_DEX_ARB_V1",
      "version": 1,
      "parent_bot_id": null,
      "lineage_label": "CROSS_DEX_ARB",
      "strategy_family": "cross_dex_arbitrage",
      "status": "ON",
      "mode": "CORE_PRODUCTION",
      "execution_mode": "LIVE",
      "account_group": "DEFI_MAIN",
      "base_asset": "MULTI",
      "quote_asset": "MULTI",
      "venue": "UNISWAP_V3,SUSHISWAP,CURVE",
      "chains": ["ETHEREUM", "ARBITRUM"],
      "timeframe": "tick",
      "max_notional": 50000,
      "max_leverage": 1.0,
      "target_capital_fraction": 0.30,
      "risk": {
        "max_drawdown": 0.08,
        "intraday_dd_limit": 0.03,
        "daily_dd_limit": 0.05,
        "kill_switch_enabled": true,
        "max_gas_cost_bps": 25,
        "min_profit_after_gas_bps": 20
      },
      "params": {
        "dexes": ["UNISWAP_V3", "SUSHISWAP", "CURVE", "BALANCER"],
        "token_whitelist": [
          "WETH", "USDC", "USDT", "DAI", "WBTC",
          "ARB", "OP", "MATIC", "LINK", "UNI"
        ],
        "min_profit_bps": 30,
        "max_slippage_bps": 20,
        "gas_price_ceiling_gwei": 60,
        "flashloan_enabled": true,
        "flashloan_providers": ["AAVE", "BALANCER"],
        "route_discovery": "dynamic_graph",
        "max_hops": 4,
        "execution_deadline_seconds": 45,
        "liquidity_threshold_usd": 50000,
        "price_impact_max_bps": 50
      },
      "designed_for_regimes": ["any"],
      "forbidden_regimes": ["network_congestion", "crash"],
      "regime_profile": {
        "volatility_bucket": "MEDIUM_HIGH",
        "event_sensitivity": "LOW",
        "time_windows_utc": [
          { "start": "00:00", "end": "23:59" }
        ],
        "gas_sensitivity": "HIGH"
      },
      "experiment": {
        "cohort": "CROSS_DEX_ARB",
        "parent_bot_id": null,
        "hypothesis": "Multi-DEX arbitrage with flashloans captures inefficiencies across fragmented liquidity.",
        "start_ts": null,
        "end_ts": null
      },
      "telemetry": {
        "label": "Cross-DEX Multi-Token Arbitrage",
        "tags": ["arbitrage", "cross_dex", "defi", "flashloan", "core"],
        "alert_channel": "telegram:@unykorn_ops"
      }
    },
    {
      "id": "BOT_UNIV3_LP_MANAGER_V1",
      "version": 1,
      "parent_bot_id": null,
      "lineage_label": "UNIV3_LP_CORE",
      "strategy_family": "liquidity_provision",
      "status": "ON",
      "mode": "CORE_PRODUCTION",
      "execution_mode": "LIVE",
      "account_group": "DEFI_LP",
      "base_asset": "WETH",
      "quote_asset": "USDC",
      "venue": "UNISWAP_V3",
      "chains": ["ARBITRUM"],
      "timeframe": "1h",
      "max_notional": 100000,
      "max_leverage": 1.0,
      "target_capital_fraction": 0.35,
      "risk": {
        "max_drawdown": 0.12,
        "intraday_dd_limit": 0.05,
        "daily_dd_limit": 0.08,
        "kill_switch_enabled": true,
        "max_impermanent_loss_bps": 200
      },
      "params": {
        "pool": "WETH/USDC-0.05",
        "strategy_type": "concentrated_liquidity",
        "range_width_bps": 200,
        "rebalance_threshold_bps": 100,
        "auto_compound": true,
        "fee_collection_frequency_hours": 24,
        "range_adjustment_algo": "volatility_adaptive",
        "inventory_target": 0.5,
        "hedge_enabled": true,
        "hedge_venue": "BINANCE_FUTURES",
        "max_gas_for_rebalance_usd": 50
      },
      "designed_for_regimes": ["chop", "low_volatility", "trend"],
      "forbidden_regimes": ["crash", "high_volatility"],
      "regime_profile": {
        "volatility_bucket": "LOW_MEDIUM",
        "event_sensitivity": "HIGH",
        "time_windows_utc": [
          { "start": "00:00", "end": "23:59" }
        ],
        "gas_sensitivity": "MEDIUM"
      },
      "experiment": {
        "cohort": "UNIV3_LP_CORE",
        "parent_bot_id": null,
        "hypothesis": "Concentrated liquidity with volatility-adaptive ranges and hedging captures fees while minimizing IL.",
        "start_ts": null,
        "end_ts": null
      },
      "telemetry": {
        "label": "Uniswap V3 Concentrated LP Manager",
        "tags": ["lp", "uniswap", "defi", "yield", "core"],
        "alert_channel": "telegram:@unykorn_ops"
      }
    },
    {
      "id": "BOT_SANDWICH_DEFENDER_V1",
      "version": 1,
      "parent_bot_id": null,
      "lineage_label": "MEV_DEFENSE",
      "strategy_family": "mev_protection",
      "status": "ON",
      "mode": "CORE_PRODUCTION",
      "execution_mode": "LIVE",
      "account_group": "DEFI_MAIN",
      "base_asset": "MULTI",
      "quote_asset": "MULTI",
      "venue": "UNISWAP_V3,SUSHISWAP",
      "chains": ["ETHEREUM", "ARBITRUM"],
      "timeframe": "tick",
      "max_notional": 15000,
      "max_leverage": 1.0,
      "target_capital_fraction": 0.10,
      "risk": {
        "max_drawdown": 0.03,
        "intraday_dd_limit": 0.01,
        "daily_dd_limit": 0.02,
        "kill_switch_enabled": true
      },
      "params": {
        "protection_methods": [
          "private_mempool",
          "flashbots_rpc",
          "split_orders",
          "time_delay_randomization"
        ],
        "max_order_size_usd": 5000,
        "split_count_range": [3, 7],
        "time_delay_range_seconds": [5, 30],
        "use_flashbots_protect": true,
        "simulate_before_send": true,
        "revert_protection": true,
        "max_priority_fee_gwei": 2
      },
      "designed_for_regimes": ["any"],
      "forbidden_regimes": ["network_congestion"],
      "regime_profile": {
        "volatility_bucket": "LOW_MEDIUM",
        "event_sensitivity": "LOW",
        "time_windows_utc": [
          { "start": "00:00", "end": "23:59" }
        ],
        "gas_sensitivity": "MEDIUM"
      },
      "experiment": {
        "cohort": "MEV_DEFENSE",
        "parent_bot_id": null,
        "hypothesis": "Multi-layer MEV protection reduces sandwich attack losses while maintaining execution quality.",
        "start_ts": null,
        "end_ts": null
      },
      "telemetry": {
        "label": "MEV Sandwich Defense System",
        "tags": ["mev", "protection", "defi", "core"],
        "alert_channel": "telegram:@unykorn_ops"
      }
    },
    {
      "id": "BOT_TOKEN_SNIPER_V1",
      "version": 1,
      "parent_bot_id": null,
      "lineage_label": "TOKEN_SNIPER",
      "strategy_family": "new_token_launch",
      "status": "ON",
      "mode": "UNDER_REVIEW",
      "execution_mode": "SHADOW",
      "account_group": "DEFI_SNIPER",
      "base_asset": "MULTI",
      "quote_asset": "WETH",
      "venue": "UNISWAP_V3",
      "chains": ["ETHEREUM", "BASE"],
      "timeframe": "tick",
      "max_notional": 5000,
      "max_leverage": 1.0,
      "target_capital_fraction": 0.05,
      "risk": {
        "max_drawdown": 0.50,
        "intraday_dd_limit": 0.25,
        "daily_dd_limit": 0.30,
        "kill_switch_enabled": true,
        "max_loss_per_token_usd": 500
      },
      "params": {
        "detection_methods": [
          "pending_tx_monitor",
          "new_pool_creation",
          "liquidity_add_events"
        ],
        "entry_size_eth": 0.5,
        "max_buy_tax_pct": 10,
        "max_sell_tax_pct": 10,
        "min_liquidity_eth": 5,
        "honeypot_check": true,
        "contract_verification": true,
        "rug_check_score_min": 70,
        "take_profit_multiplier": 3.0,
        "stop_loss_multiplier": 0.5,
        "max_hold_time_minutes": 60,
        "auto_sell_on_liquidity_removal": true
      },
      "designed_for_regimes": ["any"],
      "forbidden_regimes": ["network_congestion"],
      "regime_profile": {
        "volatility_bucket": "HIGH_ONLY",
        "event_sensitivity": "LOW",
        "time_windows_utc": [
          { "start": "00:00", "end": "23:59" }
        ],
        "gas_sensitivity": "LOW"
      },
      "experiment": {
        "cohort": "TOKEN_SNIPER_LAB_001",
        "parent_bot_id": null,
        "hypothesis": "Automated new token sniping with rug detection filters can capture asymmetric upside.",
        "start_ts": "2025-11-25T00:00:00Z",
        "end_ts": null
      },
      "telemetry": {
        "label": "New Token Launch Sniper (EXPERIMENTAL)",
        "tags": ["sniper", "new_tokens", "defi", "experimental", "high_risk"],
        "alert_channel": "telegram:@unykorn_ops"
      }
    }
  ],
  "defi_config": {
    "chains": {
      "ETHEREUM": {
        "rpc_url": "https://eth-mainnet.g.alchemy.com/v2/YOUR_KEY",
        "chain_id": 1,
        "gas_price_oracle": "https://api.etherscan.io/api?module=gastracker",
        "block_explorer": "https://etherscan.io",
        "flashbots_rpc": "https://rpc.flashbots.net"
      },
      "ARBITRUM": {
        "rpc_url": "https://arb-mainnet.g.alchemy.com/v2/YOUR_KEY",
        "chain_id": 42161,
        "gas_price_oracle": "https://api.arbiscan.io/api?module=gastracker",
        "block_explorer": "https://arbiscan.io"
      },
      "POLYGON": {
        "rpc_url": "https://polygon-mainnet.g.alchemy.com/v2/YOUR_KEY",
        "chain_id": 137,
        "gas_price_oracle": "https://api.polygonscan.com/api?module=gastracker",
        "block_explorer": "https://polygonscan.com"
      },
      "BASE": {
        "rpc_url": "https://mainnet.base.org",
        "chain_id": 8453,
        "gas_price_oracle": "https://api.basescan.org/api?module=gastracker",
        "block_explorer": "https://basescan.org"
      }
    },
    "dexes": {
      "UNISWAP_V3": {
        "router_address": "0xE592427A0AEce92De3Edee1F18E0157C05861564",
        "factory_address": "0x1F98431c8aD98523631AE4a59f267346ea31F984",
        "quoter_address": "0xb27308f9F90D607463bb33eA1BeBb41C27CE5AB6",
        "supported_chains": ["ETHEREUM", "ARBITRUM", "POLYGON", "BASE"]
      },
      "SUSHISWAP": {
        "router_address": "0xd9e1cE17f2641f24aE83637ab66a2cca9C378B9F",
        "factory_address": "0xC0AEe478e3658e2610c5F7A4A2E1777cE9e4f2Ac",
        "supported_chains": ["ETHEREUM", "ARBITRUM", "POLYGON"]
      },
      "CURVE": {
        "registry_address": "0x90E00ACe148ca3b23Ac1bC8C240C2a7Dd9c2d7f5",
        "supported_chains": ["ETHEREUM", "ARBITRUM", "POLYGON"]
      },
      "BALANCER": {
        "vault_address": "0xBA12222222228d8Ba445958a75a0704d566BF2C8",
        "supported_chains": ["ETHEREUM", "ARBITRUM", "POLYGON"]
      }
    },
    "tokens": {
      "WETH": {
        "ETHEREUM": "0xC02aaA39b223FE8D0A0e5C4F27eAD9083C756Cc2",
        "ARBITRUM": "0x82aF49447D8a07e3bd95BD0d56f35241523fBab1",
        "POLYGON": "0x7ceB23fD6bC0adD59E62ac25578270cFf1b9f619",
        "BASE": "0x4200000000000000000000000000000000000006"
      },
      "USDC": {
        "ETHEREUM": "0xA0b86991c6218b36c1d19D4a2e9Eb0cE3606eB48",
        "ARBITRUM": "0xaf88d065e77c8cC2239327C5EDb3A432268e5831",
        "POLYGON": "0x2791Bca1f2de4661ED88A30C99A7a9449Aa84174",
        "BASE": "0x833589fCD6eDb6E08f4c7C32D4f71b54bdA02913"
      },
      "USDT": {
        "ETHEREUM": "0xdAC17F958D2ee523a2206206994597C13D831ec7",
        "ARBITRUM": "0xFd086bC7CD5C481DCC9C85ebE478A1C0b69FCbb9",
        "POLYGON": "0xc2132D05D31c914a87C6611C10748AEb04B58e8F"
      },
      "DAI": {
        "ETHEREUM": "0x6B175474E89094C44Da98b954EedeAC495271d0F",
        "ARBITRUM": "0xDA10009cBd5D07dd0CeCc66161FC93D7c9000da1",
        "POLYGON": "0x8f3Cf7ad23Cd3CaDbD9735AFf958023239c6A063"
      },
      "WBTC": {
        "ETHEREUM": "0x2260FAC5E5542a773Aa44fBCfeDf7C193bc2C599",
        "ARBITRUM": "0x2f2a2543B76A4166549F7aaB2e75Bef0aefC5B0f",
        "POLYGON": "0x1BFD67037B42Cf73acF2047067bd4F2C47D9BfD6"
      },
      "ARB": {
        "ARBITRUM": "0x912CE59144191C1204E64559FE8253a0e49E6548"
      },
      "OP": {
        "ETHEREUM": "0x4200000000000000000000000000000000000042"
      },
      "MATIC": {
        "ETHEREUM": "0x7D1AfA7B718fb893dB30A3aBc0Cfc608AaCfeBB0",
        "POLYGON": "0x0000000000000000000000000000000000001010"
      },
      "LINK": {
        "ETHEREUM": "0x514910771AF9Ca656af840dff83E8264EcF986CA",
        "ARBITRUM": "0xf97f4df75117a78c1A5a0DBb814Af92458539FB4",
        "POLYGON": "0x53E0bca35eC356BD5ddDFebbD1Fc0fD03FaBad39"
      },
      "UNI": {
        "ETHEREUM": "0x1f9840a85d5aF5bf1D1762F925BDADdC4201F984",
        "ARBITRUM": "0xFa7F8980b0f1E64A2062791cc3b0871572f1F7f0",
        "POLYGON": "0xb33EaAd8d922B1083446DC23f610c2567fB5180f"
      }
    },
    "flashloan_providers": {
      "AAVE": {
        "pool_address_provider": "0x2f39d218133AFaB8F2B819B1066c7E434Ad94E9e",
        "supported_chains": ["ETHEREUM", "ARBITRUM", "POLYGON"]
      },
      "BALANCER": {
        "vault_address": "0xBA12222222228d8Ba445958a75a0704d566BF2C8",
        "supported_chains": ["ETHEREUM", "ARBITRUM", "POLYGON"]
      }
    },
    "mev_protection": {
      "flashbots": {
        "enabled": true,
        "rpc_url": "https://rpc.flashbots.net",
        "relay_url": "https://relay.flashbots.net"
      },
      "private_mempools": [
        "FLASHBOTS",
        "EDEN",
        "BLOXROUTE"
      ]
    },
    "gas_management": {
      "max_base_fee_gwei": 100,
      "max_priority_fee_gwei": 3,
      "gas_price_buffer_pct": 10,
      "eip1559_enabled": true
    }
  }
}
