{
  "description": "Smart Predator Token Universe - 50 high-liquidity tokens curated for sustainable arbitrage",
  "scan_strategy": {
    "priority_order": [
      "blue-chip",
      "stablecoins",
      "defi-native",
      "volatile-liquid"
    ],
    "min_liquidity_usd": 50000,
    "update_interval_seconds": 300
  },
  "tokens": {
    "WETH": {
      "address": "0x82aF49447D8a07e3bd95BD0d56f35241523fBab1",
      "decimals": 18,
      "category": "blue-chip"
    },
    "WBTC": {
      "address": "0x2f2a2543B76A4166549F7aaB2e75Bef0aefC5B0f",
      "decimals": 8,
      "category": "blue-chip"
    },
    "USDC": {
      "address": "0xFF970A61A04b1cA14834A43f5dE4533eBDDB5CC8",
      "decimals": 6,
      "category": "stablecoins"
    },
    "USDT": {
      "address": "0xFd086bC7CD5C481DCC9C85ebE478A1C0b69FCbb9",
      "decimals": 6,
      "category": "stablecoins"
    },
    "DAI": {
      "address": "0xDA10009cBd5D07dd0CeCc66161FC93D7c9000da1",
      "decimals": 18,
      "category": "stablecoins"
    },
    "ARB": {
      "address": "0x912CE59144191C1204E64559FE8253a0e49E6548",
      "decimals": 18,
      "category": "blue-chip"
    },
    "GMX": {
      "address": "0xfc5A1A6EB076a2C7aD06eD22C90d7E710E35ad0a",
      "decimals": 18,
      "category": "defi-native"
    },
    "MAGIC": {
      "address": "0x539bdE0d7Dbd336b79148AA742883198BBF60342",
      "decimals": 18,
      "category": "defi-native"
    },
    "GRAIL": {
      "address": "0x3d9907F9a368ad0a51Be60f7Da3b97cf940982D8",
      "decimals": 18,
      "category": "defi-native"
    },
    "DPX": {
      "address": "0x6C2C06790b3E3E3c38e12Ee22F8183b37a13EE55",
      "decimals": 18,
      "category": "defi-native"
    },
    "RDPX": {
      "address": "0x32Eb7902D4134bf98A28b963D26de779AF92A212",
      "decimals": 18,
      "category": "volatile-liquid"
    },
    "PENDLE": {
      "address": "0x0c880f6761F1af8d9Aa9C466984b80DAb9a8c9e8",
      "decimals": 18,
      "category": "defi-native"
    },
    "RDNT": {
      "address": "0x3082CC23568eA640225c2467653dB90e9250AaA0",
      "decimals": 18,
      "category": "defi-native"
    },
    "LINK": {
      "address": "0xf97f4df75117a78c1A5a0DBb814Af92458539FB4",
      "decimals": 18,
      "category": "blue-chip"
    },
    "UNI": {
      "address": "0xFa7F8980b0f1E64A2062791cc3b0871572f1F7f0",
      "decimals": 18,
      "category": "blue-chip"
    },
    "CRV": {
      "address": "0x11cDb42B0EB46D95f990BeDD4695A6e3fA034978",
      "decimals": 18,
      "category": "defi-native"
    },
    "AAVE": {
      "address": "0xba5DdD1f9d7F570dc94a51479a000E3BCE967196",
      "decimals": 18,
      "category": "blue-chip"
    },
    "LDO": {
      "address": "0x13Ad51ed4F1B7e9Dc168d8a00cB3f4dDD85EfA60",
      "decimals": 18,
      "category": "defi-native"
    },
    "FRAX": {
      "address": "0x17FC002b466eEc40DaE837Fc4bE5c67993ddBd6F",
      "decimals": 18,
      "category": "stablecoins"
    },
    "FXS": {
      "address": "0x9d2F299715D94d8A7E6F5eaa8E654E8c74a988A7",
      "decimals": 18,
      "category": "defi-native"
    },
    "STG": {
      "address": "0x6694340fc020c5E6B96567843da2df01b2CE1eb6",
      "decimals": 18,
      "category": "defi-native"
    },
    "LUSD": {
      "address": "0x93b346b6BC2548dA6A1E7d98E9a421B42541425b",
      "decimals": 18,
      "category": "stablecoins"
    },
    "MIM": {
      "address": "0xFEa7a6a0B346362BF88A9e4A88416B77a57D6c2A",
      "decimals": 18,
      "category": "stablecoins"
    },
    "WSTETH": {
      "address": "0x5979D7b546E38E414F7E9822514be443A4800529",
      "decimals": 18,
      "category": "blue-chip"
    },
    "RETH": {
      "address": "0xEC70Dcb4A1EFa46b8F2D97C310C9c4790ba5ffA8",
      "decimals": 18,
      "category": "blue-chip"
    },
    "BAL": {
      "address": "0x040d1EdC9569d4Bab2D15287Dc5A4F10F56a56B8",
      "decimals": 18,
      "category": "defi-native"
    },
    "SUSHI": {
      "address": "0xd4d42F0b6DEF4CE0383636770eF773390d85c61A",
      "decimals": 18,
      "category": "defi-native"
    },
    "JOE": {
      "address": "0x371c7ec6D8039ff7933a2AA28EB827Ffe1F52f07",
      "decimals": 18,
      "category": "defi-native"
    },
    "SNX": {
      "address": "0xcBA56Cd8216FCBBF3fA6DF6137F3147cBcA37D60",
      "decimals": 18,
      "category": "defi-native"
    },
    "SPELL": {
      "address": "0x3E6648C5a70A150A88bCE65F4aD4d506Fe15d2AF",
      "decimals": 18,
      "category": "volatile-liquid"
    },
    "GOHM": {
      "address": "0x8D9bA570D6cb60C7e3e0F31343Efe75AB8E65FB1",
      "decimals": 18,
      "category": "defi-native"
    },
    "MKR": {
      "address": "0x2e9a6Df78E42a30712c10a9Dc4b1C8656f8F2879",
      "decimals": 18,
      "category": "blue-chip"
    },
    "COMP": {
      "address": "0x354A6dA3fcde098F8389cad84b0182725c6C91dE",
      "decimals": 18,
      "category": "blue-chip"
    },
    "YFI": {
      "address": "0x82e3A8F066a6989666b031d916c43672085b1582",
      "decimals": 18,
      "category": "blue-chip"
    },
    "1INCH": {
      "address": "0x0000000000000000000000000000000000000000",
      "decimals": 18,
      "category": "defi-native",
      "note": "Placeholder - verify address"
    },
    "WOO": {
      "address": "0xcAFcD85D8ca7Ad1e1C6F82F651fA15E33AEfD07b",
      "decimals": 18,
      "category": "defi-native"
    },
    "VELO": {
      "address": "0x0000000000000000000000000000000000000000",
      "decimals": 18,
      "category": "defi-native",
      "note": "Placeholder - verify address"
    },
    "ANKR": {
      "address": "0x0000000000000000000000000000000000000000",
      "decimals": 18,
      "category": "defi-native",
      "note": "Placeholder - verify address"
    },
    "CVX": {
      "address": "0xb952A807345991BD529FDded05009F5e80Fe8F45",
      "decimals": 18,
      "category": "defi-native"
    },
    "TUSD": {
      "address": "0x0000000000000000000000000000000000000000",
      "decimals": 18,
      "category": "stablecoins",
      "note": "Placeholder - verify address"
    },
    "DYDX": {
      "address": "0x0000000000000000000000000000000000000000",
      "decimals": 18,
      "category": "defi-native",
      "note": "Placeholder - verify address"
    },
    "USDD": {
      "address": "0x0000000000000000000000000000000000000000",
      "decimals": 18,
      "category": "stablecoins",
      "note": "Placeholder - verify address"
    },
    "XCAL": {
      "address": "0x0000000000000000000000000000000000000000",
      "decimals": 18,
      "category": "defi-native",
      "note": "Placeholder - verify address"
    },
    "HMX": {
      "address": "0x0000000000000000000000000000000000000000",
      "decimals": 18,
      "category": "defi-native",
      "note": "Placeholder - verify address"
    },
    "GNO": {
      "address": "0xa0b862F60edEf4452F25B4160F177db44DeB6Cf1",
      "decimals": 18,
      "category": "blue-chip"
    },
    "OHM": {
      "address": "0x0000000000000000000000000000000000000000",
      "decimals": 9,
      "category": "defi-native",
      "note": "Placeholder - verify address"
    },
    "PRISMA": {
      "address": "0x0000000000000000000000000000000000000000",
      "decimals": 18,
      "category": "defi-native",
      "note": "Placeholder - verify address"
    },
    "XGRAIL": {
      "address": "0x0000000000000000000000000000000000000000",
      "decimals": 18,
      "category": "defi-native",
      "note": "Placeholder - verify address"
    },
    "RAM": {
      "address": "0xAAA6C1E32C55A7Bfa8066A6FAE9b42650F262418",
      "decimals": 18,
      "category": "defi-native"
    },
    "JONES": {
      "address": "0x10393c20975cF177a3513071bC110f7962CD67da",
      "decimals": 18,
      "category": "defi-native"
    }
  }
}
