{
  "arbitrum_token_universe": {
    "blue_chip": {
      "description": "Top liquidity, lowest risk",
      "tokens": [
        {"symbol": "WETH", "address": "0x82aF49447D8a07e3bd95BD0d56f35241523fBab1", "decimals": 18},
        {"symbol": "USDC", "address": "0xaf88d065e77c8cC2239327C5EDb3A432268e5831", "decimals": 6},
        {"symbol": "USDT", "address": "0xFd086bC7CD5C481DCC9C85ebE478A1C0b69FCbb9", "decimals": 6},
        {"symbol": "WBTC", "address": "0x2f2a2543B76A4166549F7aaB2e75Bef0aefC5B0f", "decimals": 8},
        {"symbol": "ARB", "address": "0x912CE59144191C1204E64559FE8253a0e49E6548", "decimals": 18},
        {"symbol": "DAI", "address": "0xDA10009cBd5D07dd0CeCc66161FC93D7c9000da1", "decimals": 18}
      ]
    },
    "stablecoins": {
      "description": "Stable-to-stable pairs (low volatility, high frequency)",
      "tokens": [
        {"symbol": "USDC.e", "address": "0xFF970A61A04b1cA14834A43f5dE4533eBDDB5CC8", "decimals": 6},
        {"symbol": "FRAX", "address": "0x17FC002b466eEc40DaE837Fc4bE5c67993ddBd6F", "decimals": 18},
        {"symbol": "MIM", "address": "0xFEa7a6a0B346362BF88A9e4A88416B77a57D6c2A", "decimals": 18},
        {"symbol": "LUSD", "address": "0x93b346b6BC2548dA6A1E7d98E9a421B42541425b", "decimals": 18},
        {"symbol": "MAI", "address": "0x3F56e0c36d275367b8C502090EDF38289b3dEa0d", "decimals": 18}
      ]
    },
    "defi_blue_chips": {
      "description": "Major DeFi tokens with deep liquidity",
      "tokens": [
        {"symbol": "GMX", "address": "0xfc5A1A6EB076a2C7aD06eD22C90d7E710E35ad0a", "decimals": 18},
        {"symbol": "MAGIC", "address": "0x539bdE0d7Dbd336b79148AA742883198BBF60342", "decimals": 18},
        {"symbol": "GNS", "address": "0x18c11FD286C5EC11c3b683Caa813B77f5163A122", "decimals": 18},
        {"symbol": "RDNT", "address": "0x3082CC23568eA640225c2467653dB90e9250AaA0", "decimals": 18},
        {"symbol": "GRAIL", "address": "0x3d9907F9a368ad0a51Be60f7Da3b97cf940982D8", "decimals": 18},
        {"symbol": "PENDLE", "address": "0x0c880f6761F1af8d9Aa9C466984b80DAb9a8c9e8", "decimals": 18}
      ]
    },
    "mid_cap_opportunities": {
      "description": "Medium-cap tokens with good volume, higher spread potential",
      "tokens": [
        {"symbol": "JONES", "address": "0x10393c20975cF177a3513071bC110f7962CD67da", "decimals": 18},
        {"symbol": "VELA", "address": "0x088cd8f5eF3652623c22D48b1605DCfE860Cd704", "decimals": 18},
        {"symbol": "PLS", "address": "0x51318B7D00db7ACc4026C88c3952B66278B6A67F", "decimals": 18},
        {"symbol": "UMAMI", "address": "0x1622bF67e6e5747b81866fE0b85178a93C7F86e3", "decimals": 9},
        {"symbol": "DPX", "address": "0x6C2C06790b3E3E3c38e12Ee22F8183b37a13EE55", "decimals": 18},
        {"symbol": "SUSHI", "address": "0xd4d42F0b6DEF4CE0383636770eF773390d85c61A", "decimals": 18}
      ]
    },
    "volatile_small_caps": {
      "description": "Small-cap tokens with high volatility = higher spreads",
      "tokens": [
        {"symbol": "WINR", "address": "0xD77B108d4f6cefaa0Cae9506A934e825BEccA46E", "decimals": 18},
        {"symbol": "Y2K", "address": "0x65c936f008BC34fE819bce9Fa5afD9dc2d49977f", "decimals": 18},
        {"symbol": "NFTE", "address": "0x51B902f19a56F0c8E409a34a215AD2673EDF3284", "decimals": 18},
        {"symbol": "BUTTER", "address": "0x0a6c41e4e52e37bf132f0c7dde091c5f5ba4b73d", "decimals": 18},
        {"symbol": "SPARTA", "address": "0x3E5230DfF53fCa57F80f094F131De60E2C9a3D7B", "decimals": 18}
      ]
    },
    "wrapped_assets": {
      "description": "Wrapped/bridged versions (often have pricing discrepancies)",
      "tokens": [
        {"symbol": "wstETH", "address": "0x5979D7b546E38E414F7E9822514be443A4800529", "decimals": 18},
        {"symbol": "rETH", "address": "0xEC70Dcb4A1EFa46b8F2D97C310C9c4790ba5ffA8", "decimals": 18},
        {"symbol": "LINK", "address": "0xf97f4df75117a78c1A5a0DBb814Af92458539FB4", "decimals": 18}
      ]
    },
    "lp_tokens": {
      "description": "LP tokens themselves can be arbitraged",
      "tokens": [
        {"symbol": "2CRV", "address": "0x7f90122BF0700F9E7e1F688fe926940E8839F353", "decimals": 18},
        {"symbol": "TRICRYPTO", "address": "0x8e0B8c8BB9db49a46697F3a5Bb8A308e744821D2", "decimals": 18}
      ]
    },
    "governance_tokens": {
      "description": "Governance tokens with episodic high volume",
      "tokens": [
        {"symbol": "BAL", "address": "0x040d1EdC9569d4Bab2D15287Dc5A4F10F56a56B8", "decimals": 18},
        {"symbol": "CRV", "address": "0x11cDb42B0EB46D95f990BeDD4695A6e3fA034978", "decimals": 18}
      ]
    }
  },
  "scanning_strategy": {
    "priority_order": ["blue_chip", "stablecoins", "defi_blue_chips", "mid_cap_opportunities", "volatile_small_caps", "wrapped_assets", "lp_tokens", "governance_tokens"],
    "parallel_token_scans": 50,
    "cache_price_ttl_ms": 200,
    "min_liquidity_usd": {
      "blue_chip": 50000,
      "stablecoins": 20000,
      "defi_blue_chips": 30000,
      "mid_cap_opportunities": 10000,
      "volatile_small_caps": 5000,
      "wrapped_assets": 15000,
      "lp_tokens": 25000,
      "governance_tokens": 15000
    }
  }
}
